"","nuc_id","nuc","nuc_group","transition_id","calcurve","level","repl_calcurve","date","median_intensity","cv","n_tb_val","mean_tb_val","sd_tb_val"
"1","nuc01","dCMP","ng_01","t1","TrueBlank",NA,1,20181217,0,"Inf%",5,22.6,48.875351661139
"2","nuc01","dCMP","ng_01","t1","TrueBlank",NA,3,20181217,0,"Inf%",5,22.6,48.875351661139
"3","nuc01","dCMP","ng_01","t1","TrueBlank",NA,1,20181218,110,"72.5%",5,22.6,48.875351661139
"4","nuc01","dCMP","ng_01","t1","TrueBlank",NA,2,20181218,3,"689%",5,22.6,48.875351661139
"5","nuc01","dCMP","ng_01","t1","TrueBlank",NA,3,20181218,0,"61916379.9%",5,22.6,48.875351661139
"6","nuc01","dCMP","ng_01","t12","TrueBlank",NA,1,20181217,0,"Inf%",5,29.4,62.9587166324092
"7","nuc01","dCMP","ng_01","t12","TrueBlank",NA,3,20181217,0,"Inf%",5,29.4,62.9587166324092
"8","nuc01","dCMP","ng_01","t12","TrueBlank",NA,1,20181218,142,"67.3%",5,29.4,62.9587166324092
"9","nuc01","dCMP","ng_01","t12","TrueBlank",NA,2,20181218,3,"648%",5,29.4,62.9587166324092
"10","nuc01","dCMP","ng_01","t12","TrueBlank",NA,3,20181218,2,"1357.8%",5,29.4,62.9587166324092
"11","nuc01","dCMP","ng_01","t2","TrueBlank",NA,1,20181217,0,"Inf%",5,5.2,11.6275534829989
"12","nuc01","dCMP","ng_01","t2","TrueBlank",NA,3,20181217,0,"Inf%",5,5.2,11.6275534829989
"13","nuc01","dCMP","ng_01","t2","TrueBlank",NA,1,20181218,26,"152.8%",5,5.2,11.6275534829989
"14","nuc01","dCMP","ng_01","t2","TrueBlank",NA,2,20181218,0,"Inf%",5,5.2,11.6275534829989
"15","nuc01","dCMP","ng_01","t2","TrueBlank",NA,3,20181218,0,"Inf%",5,5.2,11.6275534829989
"16","nuc02","dUMP","ng_02","t1","TrueBlank",NA,1,20181217,666,"18.6%",5,651,154.280588539194
"17","nuc02","dUMP","ng_02","t1","TrueBlank",NA,3,20181217,747,"18%",5,651,154.280588539194
"18","nuc02","dUMP","ng_02","t1","TrueBlank",NA,1,20181218,389,"31.3%",5,651,154.280588539194
"19","nuc02","dUMP","ng_02","t1","TrueBlank",NA,2,20181218,673,"26.3%",5,651,154.280588539194
"20","nuc02","dUMP","ng_02","t1","TrueBlank",NA,3,20181218,780,"28.4%",5,651,154.280588539194
"21","nuc02","dUMP","ng_02","t12","TrueBlank",NA,1,20181217,680,"18.3%",5,674.6,128.989534459196
"22","nuc02","dUMP","ng_02","t12","TrueBlank",NA,3,20181217,747,"18.1%",5,674.6,128.989534459196
"23","nuc02","dUMP","ng_02","t12","TrueBlank",NA,1,20181218,459,"29.2%",5,674.6,128.989534459196
"24","nuc02","dUMP","ng_02","t12","TrueBlank",NA,2,20181218,692,"25.1%",5,674.6,128.989534459196
"25","nuc02","dUMP","ng_02","t12","TrueBlank",NA,3,20181218,795,"28%",5,674.6,128.989534459196
"26","nuc02","dUMP","ng_02","t2","TrueBlank",NA,1,20181217,0,"7821151.7%",5,20.2,31.7048892128643
"27","nuc02","dUMP","ng_02","t2","TrueBlank",NA,3,20181217,0,"Inf%",5,20.2,31.7048892128643
"28","nuc02","dUMP","ng_02","t2","TrueBlank",NA,1,20181218,75,"67.6%",5,20.2,31.7048892128643
"29","nuc02","dUMP","ng_02","t2","TrueBlank",NA,2,20181218,20,"155.9%",5,20.2,31.7048892128643
"30","nuc02","dUMP","ng_02","t2","TrueBlank",NA,3,20181218,6,"458.3%",5,20.2,31.7048892128643
"31","nuc03","dTMP","ng_03","t1","TrueBlank",NA,1,20181217,2,"748.1%",5,14.8,17.1959297509614
"32","nuc03","dTMP","ng_03","t1","TrueBlank",NA,3,20181217,0,"Inf%",5,14.8,17.1959297509614
"33","nuc03","dTMP","ng_03","t1","TrueBlank",NA,1,20181218,43,"106.8%",5,14.8,17.1959297509614
"34","nuc03","dTMP","ng_03","t1","TrueBlank",NA,2,20181218,13,"133.5%",5,14.8,17.1959297509614
"35","nuc03","dTMP","ng_03","t1","TrueBlank",NA,3,20181218,16,"237.4%",5,14.8,17.1959297509614
"36","nuc03","dTMP","ng_03","t12","TrueBlank",NA,1,20181217,16,"232%",5,46.6,48.4695780877036
"37","nuc03","dTMP","ng_03","t12","TrueBlank",NA,3,20181217,3,"846%",5,46.6,48.4695780877036
"38","nuc03","dTMP","ng_03","t12","TrueBlank",NA,1,20181218,118,"58.2%",5,46.6,48.4695780877036
"39","nuc03","dTMP","ng_03","t12","TrueBlank",NA,2,20181218,21,"182.2%",5,46.6,48.4695780877036
"40","nuc03","dTMP","ng_03","t12","TrueBlank",NA,3,20181218,75,"65.4%",5,46.6,48.4695780877036
"41","nuc03","dTMP","ng_03","t2","TrueBlank",NA,1,20181217,1,"2443.8%",5,19.8,25.2922913157349
"42","nuc03","dTMP","ng_03","t2","TrueBlank",NA,3,20181217,0,"6409874.4%",5,19.8,25.2922913157349
"43","nuc03","dTMP","ng_03","t2","TrueBlank",NA,1,20181218,61,"71.5%",5,19.8,25.2922913157349
"44","nuc03","dTMP","ng_03","t2","TrueBlank",NA,2,20181218,11,"257.5%",5,19.8,25.2922913157349
"45","nuc03","dTMP","ng_03","t2","TrueBlank",NA,3,20181218,26,"146.2%",5,19.8,25.2922913157349
"46","nuc04","CMP","ng_01","t1","TrueBlank",NA,1,20181217,0,"Inf%",5,41.4,82.1815064354505
"47","nuc04","CMP","ng_01","t1","TrueBlank",NA,3,20181217,0,"Inf%",5,41.4,82.1815064354505
"48","nuc04","CMP","ng_01","t1","TrueBlank",NA,1,20181218,188,"37.8%",5,41.4,82.1815064354505
"49","nuc04","CMP","ng_01","t1","TrueBlank",NA,2,20181218,15,"157.8%",5,41.4,82.1815064354505
"50","nuc04","CMP","ng_01","t1","TrueBlank",NA,3,20181218,4,"493.1%",5,41.4,82.1815064354505
"51","nuc04","CMP","ng_01","t12","TrueBlank",NA,1,20181217,54,"71.6%",5,3050.4,6362.94262114629
"52","nuc04","CMP","ng_01","t12","TrueBlank",NA,3,20181217,34,"95.7%",5,3050.4,6362.94262114629
"53","nuc04","CMP","ng_01","t12","TrueBlank",NA,1,20181218,14428,"12.8%",5,3050.4,6362.94262114629
"54","nuc04","CMP","ng_01","t12","TrueBlank",NA,2,20181218,492,"38.7%",5,3050.4,6362.94262114629
"55","nuc04","CMP","ng_01","t12","TrueBlank",NA,3,20181218,244,"30%",5,3050.4,6362.94262114629
"56","nuc04","CMP","ng_01","t2","TrueBlank",NA,1,20181217,52,"69.3%",5,2989.2,6259.95872190864
"57","nuc04","CMP","ng_01","t2","TrueBlank",NA,3,20181217,25,"110.3%",5,2989.2,6259.95872190864
"58","nuc04","CMP","ng_01","t2","TrueBlank",NA,1,20181218,14183,"12.9%",5,2989.2,6259.95872190864
"59","nuc04","CMP","ng_01","t2","TrueBlank",NA,2,20181218,463,"41.3%",5,2989.2,6259.95872190864
"60","nuc04","CMP","ng_01","t2","TrueBlank",NA,3,20181218,223,"31.9%",5,2989.2,6259.95872190864
"61","nuc05","UMP","ng_02","t1","TrueBlank",NA,1,20181217,43,"78.1%",5,85,68.0477773332825
"62","nuc05","UMP","ng_02","t1","TrueBlank",NA,3,20181217,39,"64%",5,85,68.0477773332825
"63","nuc05","UMP","ng_02","t1","TrueBlank",NA,1,20181218,204,"36.8%",5,85,68.0477773332825
"64","nuc05","UMP","ng_02","t1","TrueBlank",NA,2,20181218,70,"74.2%",5,85,68.0477773332825
"65","nuc05","UMP","ng_02","t1","TrueBlank",NA,3,20181218,69,"57.7%",5,85,68.0477773332825
"66","nuc05","UMP","ng_02","t12","TrueBlank",NA,1,20181217,235,"38.2%",5,1732.6,3223.70862517071
"67","nuc05","UMP","ng_02","t12","TrueBlank",NA,3,20181217,178,"36.3%",5,1732.6,3223.70862517071
"68","nuc05","UMP","ng_02","t12","TrueBlank",NA,1,20181218,7497,"27.8%",5,1732.6,3223.70862517071
"69","nuc05","UMP","ng_02","t12","TrueBlank",NA,2,20181218,417,"43.1%",5,1732.6,3223.70862517071
"70","nuc05","UMP","ng_02","t12","TrueBlank",NA,3,20181218,336,"30.4%",5,1732.6,3223.70862517071
"71","nuc05","UMP","ng_02","t2","TrueBlank",NA,1,20181217,189,"41.9%",5,1635.6,3144.55001550301
"72","nuc05","UMP","ng_02","t2","TrueBlank",NA,3,20181217,136,"45.4%",5,1635.6,3144.55001550301
"73","nuc05","UMP","ng_02","t2","TrueBlank",NA,1,20181218,7259,"28.6%",5,1635.6,3144.55001550301
"74","nuc05","UMP","ng_02","t2","TrueBlank",NA,2,20181218,347,"41.3%",5,1635.6,3144.55001550301
"75","nuc05","UMP","ng_02","t2","TrueBlank",NA,3,20181218,247,"33.3%",5,1635.6,3144.55001550301
"76","nuc06","cAMP","ng_06","t1","TrueBlank",NA,1,20181217,0,"NaN%",5,4.2,9.39148550549912
"77","nuc06","cAMP","ng_06","t1","TrueBlank",NA,3,20181217,0,"Inf%",5,4.2,9.39148550549912
"78","nuc06","cAMP","ng_06","t1","TrueBlank",NA,1,20181218,21,"162%",5,4.2,9.39148550549912
"79","nuc06","cAMP","ng_06","t1","TrueBlank",NA,2,20181218,0,"Inf%",5,4.2,9.39148550549912
"80","nuc06","cAMP","ng_06","t1","TrueBlank",NA,3,20181218,0,"Inf%",5,4.2,9.39148550549912
"81","nuc06","cAMP","ng_06","t12","TrueBlank",NA,1,20181217,0,"Inf%",5,29.8,64.9630664300878
"82","nuc06","cAMP","ng_06","t12","TrueBlank",NA,3,20181217,0,"Inf%",5,29.8,64.9630664300878
"83","nuc06","cAMP","ng_06","t12","TrueBlank",NA,1,20181218,146,"61%",5,29.8,64.9630664300878
"84","nuc06","cAMP","ng_06","t12","TrueBlank",NA,2,20181218,1,"5191.5%",5,29.8,64.9630664300878
"85","nuc06","cAMP","ng_06","t12","TrueBlank",NA,3,20181218,2,"1433.2%",5,29.8,64.9630664300878
"86","nuc06","cAMP","ng_06","t2","TrueBlank",NA,1,20181217,0,"Inf%",5,24.6,53.8961965262856
"87","nuc06","cAMP","ng_06","t2","TrueBlank",NA,3,20181217,0,"Inf%",5,24.6,53.8961965262856
"88","nuc06","cAMP","ng_06","t2","TrueBlank",NA,1,20181218,121,"60.8%",5,24.6,53.8961965262856
"89","nuc06","cAMP","ng_06","t2","TrueBlank",NA,2,20181218,0,"32078251.3%",5,24.6,53.8961965262856
"90","nuc06","cAMP","ng_06","t2","TrueBlank",NA,3,20181218,2,"1409.8%",5,24.6,53.8961965262856
"91","nuc07","dAMP","ng_04","t1","TrueBlank",NA,1,20181217,0,"Inf%",5,0.8,1.78885438199983
"92","nuc07","dAMP","ng_04","t1","TrueBlank",NA,3,20181217,0,"Inf%",5,0.8,1.78885438199983
"93","nuc07","dAMP","ng_04","t1","TrueBlank",NA,1,20181218,4,"664.2%",5,0.8,1.78885438199983
"94","nuc07","dAMP","ng_04","t1","TrueBlank",NA,2,20181218,0,"Inf%",5,0.8,1.78885438199983
"95","nuc07","dAMP","ng_04","t1","TrueBlank",NA,3,20181218,0,"Inf%",5,0.8,1.78885438199983
"96","nuc07","dAMP","ng_04","t12","TrueBlank",NA,1,20181217,0,"Inf%",5,7,15.6524758424985
"97","nuc07","dAMP","ng_04","t12","TrueBlank",NA,3,20181217,0,"Inf%",5,7,15.6524758424985
"98","nuc07","dAMP","ng_04","t12","TrueBlank",NA,1,20181218,35,"129.6%",5,7,15.6524758424985
"99","nuc07","dAMP","ng_04","t12","TrueBlank",NA,2,20181218,0,"Inf%",5,7,15.6524758424985
"100","nuc07","dAMP","ng_04","t12","TrueBlank",NA,3,20181218,0,"Inf%",5,7,15.6524758424985
"101","nuc07","dAMP","ng_04","t2","TrueBlank",NA,1,20181217,0,"Inf%",5,3.8,8.4970583144992
"102","nuc07","dAMP","ng_04","t2","TrueBlank",NA,3,20181217,0,"Inf%",5,3.8,8.4970583144992
"103","nuc07","dAMP","ng_04","t2","TrueBlank",NA,1,20181218,19,"201.1%",5,3.8,8.4970583144992
"104","nuc07","dAMP","ng_04","t2","TrueBlank",NA,2,20181218,0,"Inf%",5,3.8,8.4970583144992
"105","nuc07","dAMP","ng_04","t2","TrueBlank",NA,3,20181218,0,"Inf%",5,3.8,8.4970583144992
"106","nuc08","AMP","ng_04","t1","TrueBlank",NA,1,20181217,0,"Inf%",5,10.6,23.7023205614978
"107","nuc08","AMP","ng_04","t1","TrueBlank",NA,3,20181217,0,"Inf%",5,10.6,23.7023205614978
"108","nuc08","AMP","ng_04","t1","TrueBlank",NA,1,20181218,53,"73.8%",5,10.6,23.7023205614978
"109","nuc08","AMP","ng_04","t1","TrueBlank",NA,2,20181218,0,"Inf%",5,10.6,23.7023205614978
"110","nuc08","AMP","ng_04","t1","TrueBlank",NA,3,20181218,0,"Inf%",5,10.6,23.7023205614978
"111","nuc08","AMP","ng_04","t12","TrueBlank",NA,1,20181217,0,"49456751.1%",5,66.4,144.014929781603
"112","nuc08","AMP","ng_04","t12","TrueBlank",NA,3,20181217,1,"1424.9%",5,66.4,144.014929781603
"113","nuc08","AMP","ng_04","t12","TrueBlank",NA,1,20181218,324,"31.3%",5,66.4,144.014929781603
"114","nuc08","AMP","ng_04","t12","TrueBlank",NA,2,20181218,5,"509.3%",5,66.4,144.014929781603
"115","nuc08","AMP","ng_04","t12","TrueBlank",NA,3,20181218,2,"1239.2%",5,66.4,144.014929781603
"116","nuc08","AMP","ng_04","t2","TrueBlank",NA,1,20181217,0,"Inf%",5,54.6,119.85950108356
"117","nuc08","AMP","ng_04","t2","TrueBlank",NA,3,20181217,1,"1426.5%",5,54.6,119.85950108356
"118","nuc08","AMP","ng_04","t2","TrueBlank",NA,1,20181218,269,"33.3%",5,54.6,119.85950108356
"119","nuc08","AMP","ng_04","t2","TrueBlank",NA,2,20181218,3,"750.3%",5,54.6,119.85950108356
"120","nuc08","AMP","ng_04","t2","TrueBlank",NA,3,20181218,0,"Inf%",5,54.6,119.85950108356
"121","nuc09","dGMP","ng_05","t1","TrueBlank",NA,1,20181217,89,"50.2%",5,198.6,264.691896362545
"122","nuc09","dGMP","ng_05","t1","TrueBlank",NA,3,20181217,80,"65.5%",5,198.6,264.691896362545
"123","nuc09","dGMP","ng_05","t1","TrueBlank",NA,1,20181218,672,"19.7%",5,198.6,264.691896362545
"124","nuc09","dGMP","ng_05","t1","TrueBlank",NA,2,20181218,76,"67.8%",5,198.6,264.691896362545
"125","nuc09","dGMP","ng_05","t1","TrueBlank",NA,3,20181218,76,"57%",5,198.6,264.691896362545
"126","nuc09","dGMP","ng_05","t12","TrueBlank",NA,1,20181217,89,"50.1%",5,204.2,264.355253399663
"127","nuc09","dGMP","ng_05","t12","TrueBlank",NA,3,20181217,80,"66.1%",5,204.2,264.355253399663
"128","nuc09","dGMP","ng_05","t12","TrueBlank",NA,1,20181218,677,"20.2%",5,204.2,264.355253399663
"129","nuc09","dGMP","ng_05","t12","TrueBlank",NA,2,20181218,82,"66.7%",5,204.2,264.355253399663
"130","nuc09","dGMP","ng_05","t12","TrueBlank",NA,3,20181218,93,"51.8%",5,204.2,264.355253399663
"131","nuc09","dGMP","ng_05","t2","TrueBlank",NA,1,20181217,0,"Inf%",5,4,8.94427190999916
"132","nuc09","dGMP","ng_05","t2","TrueBlank",NA,3,20181217,0,"Inf%",5,4,8.94427190999916
"133","nuc09","dGMP","ng_05","t2","TrueBlank",NA,1,20181218,20,"159.8%",5,4,8.94427190999916
"134","nuc09","dGMP","ng_05","t2","TrueBlank",NA,2,20181218,0,"Inf%",5,4,8.94427190999916
"135","nuc09","dGMP","ng_05","t2","TrueBlank",NA,3,20181218,0,"Inf%",5,4,8.94427190999916
"136","nuc10","IMP","ng_06","t1","TrueBlank",NA,1,20181217,11,"267.6%",5,75.8,127.1385071487
"137","nuc10","IMP","ng_06","t1","TrueBlank",NA,3,20181217,2,"1703.9%",5,75.8,127.1385071487
"138","nuc10","IMP","ng_06","t1","TrueBlank",NA,1,20181218,302,"38.7%",5,75.8,127.1385071487
"139","nuc10","IMP","ng_06","t1","TrueBlank",NA,2,20181218,30,"184.8%",5,75.8,127.1385071487
"140","nuc10","IMP","ng_06","t1","TrueBlank",NA,3,20181218,34,"89.4%",5,75.8,127.1385071487
"141","nuc10","IMP","ng_06","t12","TrueBlank",NA,1,20181217,32,"110%",5,111.4,148.673467706918
"142","nuc10","IMP","ng_06","t12","TrueBlank",NA,3,20181217,30,"162.5%",5,111.4,148.673467706918
"143","nuc10","IMP","ng_06","t12","TrueBlank",NA,1,20181218,376,"32.5%",5,111.4,148.673467706918
"144","nuc10","IMP","ng_06","t12","TrueBlank",NA,2,20181218,53,"124.2%",5,111.4,148.673467706918
"145","nuc10","IMP","ng_06","t12","TrueBlank",NA,3,20181218,66,"81.9%",5,111.4,148.673467706918
"146","nuc10","IMP","ng_06","t2","TrueBlank",NA,1,20181217,8,"265.8%",5,28.4,29.7875813049667
"147","nuc10","IMP","ng_06","t2","TrueBlank",NA,3,20181217,9,"358.4%",5,28.4,29.7875813049667
"148","nuc10","IMP","ng_06","t2","TrueBlank",NA,1,20181218,80,"55.5%",5,28.4,29.7875813049667
"149","nuc10","IMP","ng_06","t2","TrueBlank",NA,2,20181218,19,"152.2%",5,28.4,29.7875813049667
"150","nuc10","IMP","ng_06","t2","TrueBlank",NA,3,20181218,26,"134.3%",5,28.4,29.7875813049667
"151","nuc11","GMP","ng_05","t1","TrueBlank",NA,1,20181217,0,"Inf%",5,3,6.70820393249937
"152","nuc11","GMP","ng_05","t1","TrueBlank",NA,3,20181217,0,"Inf%",5,3,6.70820393249937
"153","nuc11","GMP","ng_05","t1","TrueBlank",NA,1,20181218,15,"150%",5,3,6.70820393249937
"154","nuc11","GMP","ng_05","t1","TrueBlank",NA,2,20181218,0,"Inf%",5,3,6.70820393249937
"155","nuc11","GMP","ng_05","t1","TrueBlank",NA,3,20181218,0,"Inf%",5,3,6.70820393249937
"156","nuc11","GMP","ng_05","t12","TrueBlank",NA,1,20181217,0,"Inf%",5,7.8,17.4413302244984
"157","nuc11","GMP","ng_05","t12","TrueBlank",NA,3,20181217,0,"Inf%",5,7.8,17.4413302244984
"158","nuc11","GMP","ng_05","t12","TrueBlank",NA,1,20181218,39,"89.8%",5,7.8,17.4413302244984
"159","nuc11","GMP","ng_05","t12","TrueBlank",NA,2,20181218,0,"Inf%",5,7.8,17.4413302244984
"160","nuc11","GMP","ng_05","t12","TrueBlank",NA,3,20181218,0,"Inf%",5,7.8,17.4413302244984
"161","nuc11","GMP","ng_05","t2","TrueBlank",NA,1,20181217,0,"Inf%",5,3.8,8.4970583144992
"162","nuc11","GMP","ng_05","t2","TrueBlank",NA,3,20181217,0,"Inf%",5,3.8,8.4970583144992
"163","nuc11","GMP","ng_05","t2","TrueBlank",NA,1,20181218,19,"144.4%",5,3.8,8.4970583144992
"164","nuc11","GMP","ng_05","t2","TrueBlank",NA,2,20181218,0,"Inf%",5,3.8,8.4970583144992
"165","nuc11","GMP","ng_05","t2","TrueBlank",NA,3,20181218,0,"Inf%",5,3.8,8.4970583144992
"166","nuc12","dCDP","ng_01","t1","TrueBlank",NA,1,20181217,0,"Inf%",5,0,0
"167","nuc12","dCDP","ng_01","t1","TrueBlank",NA,3,20181217,0,"NaN%",5,0,0
"168","nuc12","dCDP","ng_01","t1","TrueBlank",NA,1,20181218,0,"Inf%",5,0,0
"169","nuc12","dCDP","ng_01","t1","TrueBlank",NA,2,20181218,0,"Inf%",5,0,0
"170","nuc12","dCDP","ng_01","t1","TrueBlank",NA,3,20181218,0,"Inf%",5,0,0
"171","nuc12","dCDP","ng_01","t12","TrueBlank",NA,1,20181217,0,"Inf%",5,1,2.23606797749979
"172","nuc12","dCDP","ng_01","t12","TrueBlank",NA,3,20181217,0,"Inf%",5,1,2.23606797749979
"173","nuc12","dCDP","ng_01","t12","TrueBlank",NA,1,20181218,5,"362%",5,1,2.23606797749979
"174","nuc12","dCDP","ng_01","t12","TrueBlank",NA,2,20181218,0,"Inf%",5,1,2.23606797749979
"175","nuc12","dCDP","ng_01","t12","TrueBlank",NA,3,20181218,0,"Inf%",5,1,2.23606797749979
"176","nuc12","dCDP","ng_01","t2","TrueBlank",NA,1,20181217,0,"Inf%",5,0,0
"177","nuc12","dCDP","ng_01","t2","TrueBlank",NA,3,20181217,0,"Inf%",5,0,0
"178","nuc12","dCDP","ng_01","t2","TrueBlank",NA,1,20181218,0,"Inf%",5,0,0
"179","nuc12","dCDP","ng_01","t2","TrueBlank",NA,2,20181218,0,"Inf%",5,0,0
"180","nuc12","dCDP","ng_01","t2","TrueBlank",NA,3,20181218,0,"Inf%",5,0,0
"181","nuc13","dUDP","ng_02","t1","TrueBlank",NA,1,20181217,0,"Inf%",5,4,8.94427190999916
"182","nuc13","dUDP","ng_02","t1","TrueBlank",NA,3,20181217,0,"Inf%",5,4,8.94427190999916
"183","nuc13","dUDP","ng_02","t1","TrueBlank",NA,1,20181218,20,"182.9%",5,4,8.94427190999916
"184","nuc13","dUDP","ng_02","t1","TrueBlank",NA,2,20181218,0,"13626.8%",5,4,8.94427190999916
"185","nuc13","dUDP","ng_02","t1","TrueBlank",NA,3,20181218,0,"Inf%",5,4,8.94427190999916
"186","nuc13","dUDP","ng_02","t12","TrueBlank",NA,1,20181217,0,"Inf%",5,13.2,20.0174923504419
"187","nuc13","dUDP","ng_02","t12","TrueBlank",NA,3,20181217,0,"Inf%",5,13.2,20.0174923504419
"188","nuc13","dUDP","ng_02","t12","TrueBlank",NA,1,20181218,48,"115%",5,13.2,20.0174923504419
"189","nuc13","dUDP","ng_02","t12","TrueBlank",NA,2,20181218,11,"250.3%",5,13.2,20.0174923504419
"190","nuc13","dUDP","ng_02","t12","TrueBlank",NA,3,20181218,7,"596.9%",5,13.2,20.0174923504419
"191","nuc13","dUDP","ng_02","t2","TrueBlank",NA,1,20181217,0,"Inf%",5,4.4,9.83869910099907
"192","nuc13","dUDP","ng_02","t2","TrueBlank",NA,3,20181217,0,"Inf%",5,4.4,9.83869910099907
"193","nuc13","dUDP","ng_02","t2","TrueBlank",NA,1,20181218,22,"158%",5,4.4,9.83869910099907
"194","nuc13","dUDP","ng_02","t2","TrueBlank",NA,2,20181218,0,"45882363.6%",5,4.4,9.83869910099907
"195","nuc13","dUDP","ng_02","t2","TrueBlank",NA,3,20181218,0,"34038194.1%",5,4.4,9.83869910099907
"196","nuc14","dTDP","ng_03","t1","TrueBlank",NA,1,20181217,0,"Inf%",5,10.4,21.6171228427837
"197","nuc14","dTDP","ng_03","t1","TrueBlank",NA,3,20181217,0,"Inf%",5,10.4,21.6171228427837
"198","nuc14","dTDP","ng_03","t1","TrueBlank",NA,1,20181218,49,"92.1%",5,10.4,21.6171228427837
"199","nuc14","dTDP","ng_03","t1","TrueBlank",NA,2,20181218,0,"Inf%",5,10.4,21.6171228427837
"200","nuc14","dTDP","ng_03","t1","TrueBlank",NA,3,20181218,3,"949.3%",5,10.4,21.6171228427837
"201","nuc14","dTDP","ng_03","t12","TrueBlank",NA,1,20181217,0,"2486533.1%",5,19,32.9089653438087
"202","nuc14","dTDP","ng_03","t12","TrueBlank",NA,3,20181217,0,"Inf%",5,19,32.9089653438087
"203","nuc14","dTDP","ng_03","t12","TrueBlank",NA,1,20181218,76,"80.5%",5,19,32.9089653438087
"204","nuc14","dTDP","ng_03","t12","TrueBlank",NA,2,20181218,0,"2002531.6%",5,19,32.9089653438087
"205","nuc14","dTDP","ng_03","t12","TrueBlank",NA,3,20181218,19,"179%",5,19,32.9089653438087
"206","nuc14","dTDP","ng_03","t2","TrueBlank",NA,1,20181217,0,"2420214.4%",5,4,8.39642781187333
"207","nuc14","dTDP","ng_03","t2","TrueBlank",NA,3,20181217,0,"Inf%",5,4,8.39642781187333
"208","nuc14","dTDP","ng_03","t2","TrueBlank",NA,1,20181218,19,"186.6%",5,4,8.39642781187333
"209","nuc14","dTDP","ng_03","t2","TrueBlank",NA,2,20181218,0,"3921111.2%",5,4,8.39642781187333
"210","nuc14","dTDP","ng_03","t2","TrueBlank",NA,3,20181218,1,"2655.7%",5,4,8.39642781187333
"211","nuc15","CDP","ng_01","t1","TrueBlank",NA,1,20181217,0,"Inf%",5,0,0
"212","nuc15","CDP","ng_01","t1","TrueBlank",NA,3,20181217,0,"Inf%",5,0,0
"213","nuc15","CDP","ng_01","t1","TrueBlank",NA,1,20181218,0,"Inf%",5,0,0
"214","nuc15","CDP","ng_01","t1","TrueBlank",NA,2,20181218,0,"Inf%",5,0,0
"215","nuc15","CDP","ng_01","t1","TrueBlank",NA,3,20181218,0,"Inf%",5,0,0
"216","nuc15","CDP","ng_01","t12","TrueBlank",NA,1,20181217,0,"Inf%",5,11.2,25.0439613479976
"217","nuc15","CDP","ng_01","t12","TrueBlank",NA,3,20181217,0,"Inf%",5,11.2,25.0439613479976
"218","nuc15","CDP","ng_01","t12","TrueBlank",NA,1,20181218,56,"83.9%",5,11.2,25.0439613479976
"219","nuc15","CDP","ng_01","t12","TrueBlank",NA,2,20181218,0,"2004169.6%",5,11.2,25.0439613479976
"220","nuc15","CDP","ng_01","t12","TrueBlank",NA,3,20181218,0,"Inf%",5,11.2,25.0439613479976
"221","nuc15","CDP","ng_01","t2","TrueBlank",NA,1,20181217,0,"Inf%",5,8.8,19.6773982019981
"222","nuc15","CDP","ng_01","t2","TrueBlank",NA,3,20181217,0,"Inf%",5,8.8,19.6773982019981
"223","nuc15","CDP","ng_01","t2","TrueBlank",NA,1,20181218,44,"92.1%",5,8.8,19.6773982019981
"224","nuc15","CDP","ng_01","t2","TrueBlank",NA,2,20181218,0,"796038.9%",5,8.8,19.6773982019981
"225","nuc15","CDP","ng_01","t2","TrueBlank",NA,3,20181218,0,"Inf%",5,8.8,19.6773982019981
"226","nuc16","UDP","ng_02","t1","TrueBlank",NA,1,20181217,0,"Inf%",5,22.4,34.9471028842163
"227","nuc16","UDP","ng_02","t1","TrueBlank",NA,3,20181217,0,"Inf%",5,22.4,34.9471028842163
"228","nuc16","UDP","ng_02","t1","TrueBlank",NA,1,20181218,83,"55.4%",5,22.4,34.9471028842163
"229","nuc16","UDP","ng_02","t1","TrueBlank",NA,2,20181218,21,"149.8%",5,22.4,34.9471028842163
"230","nuc16","UDP","ng_02","t1","TrueBlank",NA,3,20181218,8,"320.3%",5,22.4,34.9471028842163
"231","nuc16","UDP","ng_02","t12","TrueBlank",NA,1,20181217,0,"Inf%",5,40.2,61.0917343017859
"232","nuc16","UDP","ng_02","t12","TrueBlank",NA,3,20181217,0,"4076830.7%",5,40.2,61.0917343017859
"233","nuc16","UDP","ng_02","t12","TrueBlank",NA,1,20181218,146,"76.2%",5,40.2,61.0917343017859
"234","nuc16","UDP","ng_02","t12","TrueBlank",NA,2,20181218,37,"98.7%",5,40.2,61.0917343017859
"235","nuc16","UDP","ng_02","t12","TrueBlank",NA,3,20181218,18,"244%",5,40.2,61.0917343017859
"236","nuc16","UDP","ng_02","t2","TrueBlank",NA,1,20181217,0,"Inf%",5,12.6,28.1744565164974
"237","nuc16","UDP","ng_02","t2","TrueBlank",NA,3,20181217,0,"Inf%",5,12.6,28.1744565164974
"238","nuc16","UDP","ng_02","t2","TrueBlank",NA,1,20181218,63,"160.1%",5,12.6,28.1744565164974
"239","nuc16","UDP","ng_02","t2","TrueBlank",NA,2,20181218,0,"5885717.6%",5,12.6,28.1744565164974
"240","nuc16","UDP","ng_02","t2","TrueBlank",NA,3,20181218,0,"3543761%",5,12.6,28.1744565164974
"241","nuc17","dADP","ng_04","t1","TrueBlank",NA,1,20181217,0,"Inf%",5,0,0
"242","nuc17","dADP","ng_04","t1","TrueBlank",NA,3,20181217,0,"NaN%",5,0,0
"243","nuc17","dADP","ng_04","t1","TrueBlank",NA,1,20181218,0,"Inf%",5,0,0
"244","nuc17","dADP","ng_04","t1","TrueBlank",NA,2,20181218,0,"Inf%",5,0,0
"245","nuc17","dADP","ng_04","t1","TrueBlank",NA,3,20181218,0,"Inf%",5,0,0
"246","nuc17","dADP","ng_04","t12","TrueBlank",NA,1,20181217,0,"Inf%",5,0,0
"247","nuc17","dADP","ng_04","t12","TrueBlank",NA,3,20181217,0,"Inf%",5,0,0
"248","nuc17","dADP","ng_04","t12","TrueBlank",NA,1,20181218,0,"976338.6%",5,0,0
"249","nuc17","dADP","ng_04","t12","TrueBlank",NA,2,20181218,0,"Inf%",5,0,0
"250","nuc17","dADP","ng_04","t12","TrueBlank",NA,3,20181218,0,"5120474.8%",5,0,0
"251","nuc17","dADP","ng_04","t2","TrueBlank",NA,1,20181217,0,"Inf%",5,0,0
"252","nuc17","dADP","ng_04","t2","TrueBlank",NA,3,20181217,0,"Inf%",5,0,0
"253","nuc17","dADP","ng_04","t2","TrueBlank",NA,1,20181218,0,"1184972.5%",5,0,0
"254","nuc17","dADP","ng_04","t2","TrueBlank",NA,2,20181218,0,"Inf%",5,0,0
"255","nuc17","dADP","ng_04","t2","TrueBlank",NA,3,20181218,0,"5121921.3%",5,0,0
"256","nuc18","ADP","ng_04","t1","TrueBlank",NA,1,20181217,0,"Inf%",5,49.4,108.239549149098
"257","nuc18","ADP","ng_04","t1","TrueBlank",NA,3,20181217,0,"Inf%",5,49.4,108.239549149098
"258","nuc18","ADP","ng_04","t1","TrueBlank",NA,1,20181218,243,"39.8%",5,49.4,108.239549149098
"259","nuc18","ADP","ng_04","t1","TrueBlank",NA,2,20181218,4,"619.6%",5,49.4,108.239549149098
"260","nuc18","ADP","ng_04","t1","TrueBlank",NA,3,20181218,0,"Inf%",5,49.4,108.239549149098
"261","nuc18","ADP","ng_04","t12","TrueBlank",NA,1,20181217,0,"Inf%",5,90.8,191.924985345838
"262","nuc18","ADP","ng_04","t12","TrueBlank",NA,3,20181217,0,"Inf%",5,90.8,191.924985345838
"263","nuc18","ADP","ng_04","t12","TrueBlank",NA,1,20181218,434,"29.6%",5,90.8,191.924985345838
"264","nuc18","ADP","ng_04","t12","TrueBlank",NA,2,20181218,12,"383.5%",5,90.8,191.924985345838
"265","nuc18","ADP","ng_04","t12","TrueBlank",NA,3,20181218,8,"327.7%",5,90.8,191.924985345838
"266","nuc18","ADP","ng_04","t2","TrueBlank",NA,1,20181217,0,"Inf%",5,39.8,88.9955055044916
"267","nuc18","ADP","ng_04","t2","TrueBlank",NA,3,20181217,0,"Inf%",5,39.8,88.9955055044916
"268","nuc18","ADP","ng_04","t2","TrueBlank",NA,1,20181218,199,"39.1%",5,39.8,88.9955055044916
"269","nuc18","ADP","ng_04","t2","TrueBlank",NA,2,20181218,0,"Inf%",5,39.8,88.9955055044916
"270","nuc18","ADP","ng_04","t2","TrueBlank",NA,3,20181218,0,"Inf%",5,39.8,88.9955055044916
"271","nuc19","dGDP","ng_05","t1","TrueBlank",NA,1,20181217,0,"Inf%",5,35.8,80.0512335944925
"272","nuc19","dGDP","ng_05","t1","TrueBlank",NA,3,20181217,0,"Inf%",5,35.8,80.0512335944925
"273","nuc19","dGDP","ng_05","t1","TrueBlank",NA,1,20181218,179,"45.5%",5,35.8,80.0512335944925
"274","nuc19","dGDP","ng_05","t1","TrueBlank",NA,2,20181218,0,"Inf%",5,35.8,80.0512335944925
"275","nuc19","dGDP","ng_05","t1","TrueBlank",NA,3,20181218,0,"Inf%",5,35.8,80.0512335944925
"276","nuc19","dGDP","ng_05","t12","TrueBlank",NA,1,20181217,0,"Inf%",5,37.2,83.1817287629922
"277","nuc19","dGDP","ng_05","t12","TrueBlank",NA,3,20181217,0,"Inf%",5,37.2,83.1817287629922
"278","nuc19","dGDP","ng_05","t12","TrueBlank",NA,1,20181218,186,"44.6%",5,37.2,83.1817287629922
"279","nuc19","dGDP","ng_05","t12","TrueBlank",NA,2,20181218,0,"Inf%",5,37.2,83.1817287629922
"280","nuc19","dGDP","ng_05","t12","TrueBlank",NA,3,20181218,0,"Inf%",5,37.2,83.1817287629922
"281","nuc19","dGDP","ng_05","t2","TrueBlank",NA,1,20181217,0,"Inf%",5,0,0
"282","nuc19","dGDP","ng_05","t2","TrueBlank",NA,3,20181217,0,"Inf%",5,0,0
"283","nuc19","dGDP","ng_05","t2","TrueBlank",NA,1,20181218,0,"Inf%",5,0,0
"284","nuc19","dGDP","ng_05","t2","TrueBlank",NA,2,20181218,0,"Inf%",5,0,0
"285","nuc19","dGDP","ng_05","t2","TrueBlank",NA,3,20181218,0,"Inf%",5,0,0
"286","nuc20","GDP","ng_05","t1","TrueBlank",NA,1,20181217,0,"Inf%",5,8.8,19.6773982019981
"287","nuc20","GDP","ng_05","t1","TrueBlank",NA,3,20181217,0,"Inf%",5,8.8,19.6773982019981
"288","nuc20","GDP","ng_05","t1","TrueBlank",NA,1,20181218,44,"101.1%",5,8.8,19.6773982019981
"289","nuc20","GDP","ng_05","t1","TrueBlank",NA,2,20181218,0,"Inf%",5,8.8,19.6773982019981
"290","nuc20","GDP","ng_05","t1","TrueBlank",NA,3,20181218,0,"Inf%",5,8.8,19.6773982019981
"291","nuc20","GDP","ng_05","t12","TrueBlank",NA,1,20181217,1,"1953.7%",5,61,108.542618357952
"292","nuc20","GDP","ng_05","t12","TrueBlank",NA,3,20181217,0,"8289154.2%",5,61,108.542618357952
"293","nuc20","GDP","ng_05","t12","TrueBlank",NA,1,20181218,253,"40.1%",5,61,108.542618357952
"294","nuc20","GDP","ng_05","t12","TrueBlank",NA,2,20181218,11,"435.9%",5,61,108.542618357952
"295","nuc20","GDP","ng_05","t12","TrueBlank",NA,3,20181218,40,"108.5%",5,61,108.542618357952
"296","nuc20","GDP","ng_05","t2","TrueBlank",NA,1,20181217,1,"2727.6%",5,47.2,80.9611017711592
"297","nuc20","GDP","ng_05","t2","TrueBlank",NA,3,20181217,0,"11919981.5%",5,47.2,80.9611017711592
"298","nuc20","GDP","ng_05","t2","TrueBlank",NA,1,20181218,189,"47.6%",5,47.2,80.9611017711592
"299","nuc20","GDP","ng_05","t2","TrueBlank",NA,2,20181218,6,"773.6%",5,47.2,80.9611017711592
"300","nuc20","GDP","ng_05","t2","TrueBlank",NA,3,20181218,40,"103.6%",5,47.2,80.9611017711592
"301","nuc21","dCTP","ng_01","t1","TrueBlank",NA,1,20181217,0,"Inf%",5,0,0
"302","nuc21","dCTP","ng_01","t1","TrueBlank",NA,3,20181217,0,"Inf%",5,0,0
"303","nuc21","dCTP","ng_01","t1","TrueBlank",NA,1,20181218,0,"Inf%",5,0,0
"304","nuc21","dCTP","ng_01","t1","TrueBlank",NA,2,20181218,0,"Inf%",5,0,0
"305","nuc21","dCTP","ng_01","t1","TrueBlank",NA,3,20181218,0,"Inf%",5,0,0
"306","nuc21","dCTP","ng_01","t12","TrueBlank",NA,1,20181217,0,"Inf%",5,4.8,10.733126291999
"307","nuc21","dCTP","ng_01","t12","TrueBlank",NA,3,20181217,0,"Inf%",5,4.8,10.733126291999
"308","nuc21","dCTP","ng_01","t12","TrueBlank",NA,1,20181218,24,"108.1%",5,4.8,10.733126291999
"309","nuc21","dCTP","ng_01","t12","TrueBlank",NA,2,20181218,0,"Inf%",5,4.8,10.733126291999
"310","nuc21","dCTP","ng_01","t12","TrueBlank",NA,3,20181218,0,"5549897.6%",5,4.8,10.733126291999
"311","nuc21","dCTP","ng_01","t2","TrueBlank",NA,1,20181217,0,"Inf%",5,4.6,10.285912696499
"312","nuc21","dCTP","ng_01","t2","TrueBlank",NA,3,20181217,0,"Inf%",5,4.6,10.285912696499
"313","nuc21","dCTP","ng_01","t2","TrueBlank",NA,1,20181218,23,"109.2%",5,4.6,10.285912696499
"314","nuc21","dCTP","ng_01","t2","TrueBlank",NA,2,20181218,0,"Inf%",5,4.6,10.285912696499
"315","nuc21","dCTP","ng_01","t2","TrueBlank",NA,3,20181218,0,"5539946%",5,4.6,10.285912696499
"316","nuc22","dTTP","ng_03","t1","TrueBlank",NA,1,20181217,0,"Inf%",5,8.8,19.6773982019981
"317","nuc22","dTTP","ng_03","t1","TrueBlank",NA,3,20181217,0,"Inf%",5,8.8,19.6773982019981
"318","nuc22","dTTP","ng_03","t1","TrueBlank",NA,1,20181218,44,"89.9%",5,8.8,19.6773982019981
"319","nuc22","dTTP","ng_03","t1","TrueBlank",NA,2,20181218,0,"Inf%",5,8.8,19.6773982019981
"320","nuc22","dTTP","ng_03","t1","TrueBlank",NA,3,20181218,0,"Inf%",5,8.8,19.6773982019981
"321","nuc22","dTTP","ng_03","t12","TrueBlank",NA,1,20181217,0,"1246991.4%",5,46,73.4880942738346
"322","nuc22","dTTP","ng_03","t12","TrueBlank",NA,3,20181217,1,"2074%",5,46,73.4880942738346
"323","nuc22","dTTP","ng_03","t12","TrueBlank",NA,1,20181218,175,"42.5%",5,46,73.4880942738346
"324","nuc22","dTTP","ng_03","t12","TrueBlank",NA,2,20181218,20,"253.3%",5,46,73.4880942738346
"325","nuc22","dTTP","ng_03","t12","TrueBlank",NA,3,20181218,34,"124.8%",5,46,73.4880942738346
"326","nuc22","dTTP","ng_03","t2","TrueBlank",NA,1,20181217,0,"3694224.5%",5,34.6,52.9084114295638
"327","nuc22","dTTP","ng_03","t2","TrueBlank",NA,3,20181217,1,"2077.1%",5,34.6,52.9084114295638
"328","nuc22","dTTP","ng_03","t2","TrueBlank",NA,1,20181218,127,"42.9%",5,34.6,52.9084114295638
"329","nuc22","dTTP","ng_03","t2","TrueBlank",NA,2,20181218,18,"260%",5,34.6,52.9084114295638
"330","nuc22","dTTP","ng_03","t2","TrueBlank",NA,3,20181218,27,"151.9%",5,34.6,52.9084114295638
"331","nuc23","CTP","ng_01","t1","TrueBlank",NA,1,20181217,0,"Inf%",5,0,0
"332","nuc23","CTP","ng_01","t1","TrueBlank",NA,3,20181217,0,"Inf%",5,0,0
"333","nuc23","CTP","ng_01","t1","TrueBlank",NA,1,20181218,0,"Inf%",5,0,0
"334","nuc23","CTP","ng_01","t1","TrueBlank",NA,2,20181218,0,"Inf%",5,0,0
"335","nuc23","CTP","ng_01","t1","TrueBlank",NA,3,20181218,0,"Inf%",5,0,0
"336","nuc23","CTP","ng_01","t12","TrueBlank",NA,1,20181217,0,"20076757.6%",5,58,105.168911756279
"337","nuc23","CTP","ng_01","t12","TrueBlank",NA,3,20181217,0,"7906103%",5,58,105.168911756279
"338","nuc23","CTP","ng_01","t12","TrueBlank",NA,1,20181218,245,"37.7%",5,58,105.168911756279
"339","nuc23","CTP","ng_01","t12","TrueBlank",NA,2,20181218,19,"269%",5,58,105.168911756279
"340","nuc23","CTP","ng_01","t12","TrueBlank",NA,3,20181218,26,"194.3%",5,58,105.168911756279
"341","nuc23","CTP","ng_01","t2","TrueBlank",NA,1,20181217,0,"28263677.1%",5,58,105.168911756279
"342","nuc23","CTP","ng_01","t2","TrueBlank",NA,3,20181217,0,"8795083.8%",5,58,105.168911756279
"343","nuc23","CTP","ng_01","t2","TrueBlank",NA,1,20181218,245,"36.7%",5,58,105.168911756279
"344","nuc23","CTP","ng_01","t2","TrueBlank",NA,2,20181218,19,"265.2%",5,58,105.168911756279
"345","nuc23","CTP","ng_01","t2","TrueBlank",NA,3,20181218,26,"193.4%",5,58,105.168911756279
"346","nuc24","UTP","ng_02","t1","TrueBlank",NA,1,20181217,0,"Inf%",5,1.8,4.02492235949962
"347","nuc24","UTP","ng_02","t1","TrueBlank",NA,3,20181217,0,"Inf%",5,1.8,4.02492235949962
"348","nuc24","UTP","ng_02","t1","TrueBlank",NA,1,20181218,9,"257.6%",5,1.8,4.02492235949962
"349","nuc24","UTP","ng_02","t1","TrueBlank",NA,2,20181218,0,"Inf%",5,1.8,4.02492235949962
"350","nuc24","UTP","ng_02","t1","TrueBlank",NA,3,20181218,0,"Inf%",5,1.8,4.02492235949962
"351","nuc24","UTP","ng_02","t12","TrueBlank",NA,1,20181217,131,"62.8%",5,284.8,150.992383913892
"352","nuc24","UTP","ng_02","t12","TrueBlank",NA,3,20181217,114,"58.3%",5,284.8,150.992383913892
"353","nuc24","UTP","ng_02","t12","TrueBlank",NA,1,20181218,439,"28.5%",5,284.8,150.992383913892
"354","nuc24","UTP","ng_02","t12","TrueBlank",NA,2,20181218,364,"34.2%",5,284.8,150.992383913892
"355","nuc24","UTP","ng_02","t12","TrueBlank",NA,3,20181218,376,"35.3%",5,284.8,150.992383913892
"356","nuc24","UTP","ng_02","t2","TrueBlank",NA,1,20181217,131,"62.7%",5,277.6,143.378171281405
"357","nuc24","UTP","ng_02","t2","TrueBlank",NA,3,20181217,114,"59.5%",5,277.6,143.378171281405
"358","nuc24","UTP","ng_02","t2","TrueBlank",NA,1,20181218,416,"30.9%",5,277.6,143.378171281405
"359","nuc24","UTP","ng_02","t2","TrueBlank",NA,2,20181218,358,"35%",5,277.6,143.378171281405
"360","nuc24","UTP","ng_02","t2","TrueBlank",NA,3,20181218,369,"35.8%",5,277.6,143.378171281405
"361","nuc25","dATP","ng_04","t1","TrueBlank",NA,1,20181217,0,"Inf%",5,0,0
"362","nuc25","dATP","ng_04","t1","TrueBlank",NA,3,20181217,0,"Inf%",5,0,0
"363","nuc25","dATP","ng_04","t1","TrueBlank",NA,1,20181218,0,"Inf%",5,0,0
"364","nuc25","dATP","ng_04","t1","TrueBlank",NA,2,20181218,0,"Inf%",5,0,0
"365","nuc25","dATP","ng_04","t1","TrueBlank",NA,3,20181218,0,"Inf%",5,0,0
"366","nuc25","dATP","ng_04","t12","TrueBlank",NA,1,20181217,0,"275565.2%",5,0,0
"367","nuc25","dATP","ng_04","t12","TrueBlank",NA,3,20181217,0,"783664.4%",5,0,0
"368","nuc25","dATP","ng_04","t12","TrueBlank",NA,1,20181218,0,"343752%",5,0,0
"369","nuc25","dATP","ng_04","t12","TrueBlank",NA,2,20181218,0,"221402%",5,0,0
"370","nuc25","dATP","ng_04","t12","TrueBlank",NA,3,20181218,0,"411195%",5,0,0
"371","nuc25","dATP","ng_04","t2","TrueBlank",NA,1,20181217,0,"236263%",5,0,0
"372","nuc25","dATP","ng_04","t2","TrueBlank",NA,3,20181217,0,"783664.5%",5,0,0
"373","nuc25","dATP","ng_04","t2","TrueBlank",NA,1,20181218,0,"289458.6%",5,0,0
"374","nuc25","dATP","ng_04","t2","TrueBlank",NA,2,20181218,0,"219861.3%",5,0,0
"375","nuc25","dATP","ng_04","t2","TrueBlank",NA,3,20181218,0,"410013.9%",5,0,0
"376","nuc26","ATP","ng_04","t1","TrueBlank",NA,1,20181217,0,"Inf%",5,0,0
"377","nuc26","ATP","ng_04","t1","TrueBlank",NA,3,20181217,0,"Inf%",5,0,0
"378","nuc26","ATP","ng_04","t1","TrueBlank",NA,1,20181218,0,"Inf%",5,0,0
"379","nuc26","ATP","ng_04","t1","TrueBlank",NA,2,20181218,0,"Inf%",5,0,0
"380","nuc26","ATP","ng_04","t1","TrueBlank",NA,3,20181218,0,"Inf%",5,0,0
"381","nuc26","ATP","ng_04","t12","TrueBlank",NA,1,20181217,0,"4045662.5%",5,26.4,46.5488990202776
"382","nuc26","ATP","ng_04","t12","TrueBlank",NA,3,20181217,0,"17686064%",5,26.4,46.5488990202776
"383","nuc26","ATP","ng_04","t12","TrueBlank",NA,1,20181218,108,"76.1%",5,26.4,46.5488990202776
"384","nuc26","ATP","ng_04","t12","TrueBlank",NA,2,20181218,2,"1913%",5,26.4,46.5488990202776
"385","nuc26","ATP","ng_04","t12","TrueBlank",NA,3,20181218,22,"174.9%",5,26.4,46.5488990202776
"386","nuc26","ATP","ng_04","t2","TrueBlank",NA,1,20181217,0,"8153365.2%",5,25.6,44.7973213484914
"387","nuc26","ATP","ng_04","t2","TrueBlank",NA,3,20181217,0,"26777594.7%",5,25.6,44.7973213484914
"388","nuc26","ATP","ng_04","t2","TrueBlank",NA,1,20181218,104,"77.3%",5,25.6,44.7973213484914
"389","nuc26","ATP","ng_04","t2","TrueBlank",NA,2,20181218,2,"2051.1%",5,25.6,44.7973213484914
"390","nuc26","ATP","ng_04","t2","TrueBlank",NA,3,20181218,22,"162.3%",5,25.6,44.7973213484914
"391","nuc27","dGTP","ng_05","t1","TrueBlank",NA,1,20181217,0,"Inf%",5,0.2,0.447213595499958
"392","nuc27","dGTP","ng_05","t1","TrueBlank",NA,3,20181217,0,"Inf%",5,0.2,0.447213595499958
"393","nuc27","dGTP","ng_05","t1","TrueBlank",NA,1,20181218,1,"2204.1%",5,0.2,0.447213595499958
"394","nuc27","dGTP","ng_05","t1","TrueBlank",NA,2,20181218,0,"Inf%",5,0.2,0.447213595499958
"395","nuc27","dGTP","ng_05","t1","TrueBlank",NA,3,20181218,0,"Inf%",5,0.2,0.447213595499958
"396","nuc27","dGTP","ng_05","t12","TrueBlank",NA,1,20181217,0,"368943.5%",5,5,11.1803398874989
"397","nuc27","dGTP","ng_05","t12","TrueBlank",NA,3,20181217,0,"1676673.7%",5,5,11.1803398874989
"398","nuc27","dGTP","ng_05","t12","TrueBlank",NA,1,20181218,25,"186.4%",5,5,11.1803398874989
"399","nuc27","dGTP","ng_05","t12","TrueBlank",NA,2,20181218,0,"1501183.8%",5,5,11.1803398874989
"400","nuc27","dGTP","ng_05","t12","TrueBlank",NA,3,20181218,0,"3516073.9%",5,5,11.1803398874989
"401","nuc27","dGTP","ng_05","t2","TrueBlank",NA,1,20181217,0,"310637%",5,2.8,6.26099033699941
"402","nuc27","dGTP","ng_05","t2","TrueBlank",NA,3,20181217,0,"481570.8%",5,2.8,6.26099033699941
"403","nuc27","dGTP","ng_05","t2","TrueBlank",NA,1,20181218,14,"233.5%",5,2.8,6.26099033699941
"404","nuc27","dGTP","ng_05","t2","TrueBlank",NA,2,20181218,0,"2067725.8%",5,2.8,6.26099033699941
"405","nuc27","dGTP","ng_05","t2","TrueBlank",NA,3,20181218,0,"3047399.5%",5,2.8,6.26099033699941
"406","nuc28","GTP","ng_05","t1","TrueBlank",NA,1,20181217,0,"Inf%",5,22.6,50.5351362914952
"407","nuc28","GTP","ng_05","t1","TrueBlank",NA,3,20181217,0,"Inf%",5,22.6,50.5351362914952
"408","nuc28","GTP","ng_05","t1","TrueBlank",NA,1,20181218,113,"42.4%",5,22.6,50.5351362914952
"409","nuc28","GTP","ng_05","t1","TrueBlank",NA,2,20181218,0,"Inf%",5,22.6,50.5351362914952
"410","nuc28","GTP","ng_05","t1","TrueBlank",NA,3,20181218,0,"Inf%",5,22.6,50.5351362914952
"411","nuc28","GTP","ng_05","t12","TrueBlank",NA,1,20181217,0,"Inf%",5,25,55.9016994374947
"412","nuc28","GTP","ng_05","t12","TrueBlank",NA,3,20181217,0,"Inf%",5,25,55.9016994374947
"413","nuc28","GTP","ng_05","t12","TrueBlank",NA,1,20181218,125,"40.2%",5,25,55.9016994374947
"414","nuc28","GTP","ng_05","t12","TrueBlank",NA,2,20181218,0,"Inf%",5,25,55.9016994374947
"415","nuc28","GTP","ng_05","t12","TrueBlank",NA,3,20181218,0,"Inf%",5,25,55.9016994374947
"416","nuc28","GTP","ng_05","t2","TrueBlank",NA,1,20181217,0,"Inf%",5,0,0
"417","nuc28","GTP","ng_05","t2","TrueBlank",NA,3,20181217,0,"Inf%",5,0,0
"418","nuc28","GTP","ng_05","t2","TrueBlank",NA,1,20181218,0,"32163909.1%",5,0,0
"419","nuc28","GTP","ng_05","t2","TrueBlank",NA,2,20181218,0,"Inf%",5,0,0
"420","nuc28","GTP","ng_05","t2","TrueBlank",NA,3,20181218,0,"Inf%",5,0,0
"421","nuc29","UDP-Glc","ng_06","t1","TrueBlank",NA,1,20181217,0,"Inf%",5,0,0
"422","nuc29","UDP-Glc","ng_06","t1","TrueBlank",NA,3,20181217,0,"Inf%",5,0,0
"423","nuc29","UDP-Glc","ng_06","t1","TrueBlank",NA,1,20181218,0,"13232.8%",5,0,0
"424","nuc29","UDP-Glc","ng_06","t1","TrueBlank",NA,2,20181218,0,"NaN%",5,0,0
"425","nuc29","UDP-Glc","ng_06","t1","TrueBlank",NA,3,20181218,0,"Inf%",5,0,0
"426","nuc29","UDP-Glc","ng_06","t12","TrueBlank",NA,1,20181217,0,"Inf%",5,16.6,37.1187284264965
"427","nuc29","UDP-Glc","ng_06","t12","TrueBlank",NA,3,20181217,0,"Inf%",5,16.6,37.1187284264965
"428","nuc29","UDP-Glc","ng_06","t12","TrueBlank",NA,1,20181218,83,"73.2%",5,16.6,37.1187284264965
"429","nuc29","UDP-Glc","ng_06","t12","TrueBlank",NA,2,20181218,0,"Inf%",5,16.6,37.1187284264965
"430","nuc29","UDP-Glc","ng_06","t12","TrueBlank",NA,3,20181218,0,"12687558.4%",5,16.6,37.1187284264965
"431","nuc29","UDP-Glc","ng_06","t2","TrueBlank",NA,1,20181217,0,"Inf%",5,14.6,32.6465924714969
"432","nuc29","UDP-Glc","ng_06","t2","TrueBlank",NA,3,20181217,0,"Inf%",5,14.6,32.6465924714969
"433","nuc29","UDP-Glc","ng_06","t2","TrueBlank",NA,1,20181218,73,"73.9%",5,14.6,32.6465924714969
"434","nuc29","UDP-Glc","ng_06","t2","TrueBlank",NA,2,20181218,0,"Inf%",5,14.6,32.6465924714969
"435","nuc29","UDP-Glc","ng_06","t2","TrueBlank",NA,3,20181218,0,"Inf%",5,14.6,32.6465924714969
"436","nuc30","GDP-Man","ng_06","t1","TrueBlank",NA,1,20181217,0,"NaN%",5,0,0
"437","nuc30","GDP-Man","ng_06","t1","TrueBlank",NA,3,20181217,0,"Inf%",5,0,0
"438","nuc30","GDP-Man","ng_06","t1","TrueBlank",NA,1,20181218,0,"Inf%",5,0,0
"439","nuc30","GDP-Man","ng_06","t1","TrueBlank",NA,2,20181218,0,"Inf%",5,0,0
"440","nuc30","GDP-Man","ng_06","t1","TrueBlank",NA,3,20181218,0,"Inf%",5,0,0
"441","nuc30","GDP-Man","ng_06","t12","TrueBlank",NA,1,20181217,0,"Inf%",5,0.2,0.447213595499958
"442","nuc30","GDP-Man","ng_06","t12","TrueBlank",NA,3,20181217,0,"Inf%",5,0.2,0.447213595499958
"443","nuc30","GDP-Man","ng_06","t12","TrueBlank",NA,1,20181218,1,"3072.6%",5,0.2,0.447213595499958
"444","nuc30","GDP-Man","ng_06","t12","TrueBlank",NA,2,20181218,0,"Inf%",5,0.2,0.447213595499958
"445","nuc30","GDP-Man","ng_06","t12","TrueBlank",NA,3,20181218,0,"Inf%",5,0.2,0.447213595499958
"446","nuc30","GDP-Man","ng_06","t2","TrueBlank",NA,1,20181217,0,"Inf%",5,0,0
"447","nuc30","GDP-Man","ng_06","t2","TrueBlank",NA,3,20181217,0,"Inf%",5,0,0
"448","nuc30","GDP-Man","ng_06","t2","TrueBlank",NA,1,20181218,0,"Inf%",5,0,0
"449","nuc30","GDP-Man","ng_06","t2","TrueBlank",NA,2,20181218,0,"Inf%",5,0,0
"450","nuc30","GDP-Man","ng_06","t2","TrueBlank",NA,3,20181218,0,"Inf%",5,0,0
"451","nuc31","UDP-GNAc","ng_06","t1","TrueBlank",NA,1,20181217,0,"Inf%",5,9.6,21.466252583998
"452","nuc31","UDP-GNAc","ng_06","t1","TrueBlank",NA,3,20181217,0,"Inf%",5,9.6,21.466252583998
"453","nuc31","UDP-GNAc","ng_06","t1","TrueBlank",NA,1,20181218,48,"84%",5,9.6,21.466252583998
"454","nuc31","UDP-GNAc","ng_06","t1","TrueBlank",NA,2,20181218,0,"Inf%",5,9.6,21.466252583998
"455","nuc31","UDP-GNAc","ng_06","t1","TrueBlank",NA,3,20181218,0,"Inf%",5,9.6,21.466252583998
"456","nuc31","UDP-GNAc","ng_06","t12","TrueBlank",NA,1,20181217,97,"59.7%",5,154.4,76.7091911051081
"457","nuc31","UDP-GNAc","ng_06","t12","TrueBlank",NA,3,20181217,101,"43.7%",5,154.4,76.7091911051081
"458","nuc31","UDP-GNAc","ng_06","t12","TrueBlank",NA,1,20181218,282,"33.4%",5,154.4,76.7091911051081
"459","nuc31","UDP-GNAc","ng_06","t12","TrueBlank",NA,2,20181218,124,"60.3%",5,154.4,76.7091911051081
"460","nuc31","UDP-GNAc","ng_06","t12","TrueBlank",NA,3,20181218,168,"57%",5,154.4,76.7091911051081
"461","nuc31","UDP-GNAc","ng_06","t2","TrueBlank",NA,1,20181217,97,"58.9%",5,143.4,60.8136497835807
"462","nuc31","UDP-GNAc","ng_06","t2","TrueBlank",NA,3,20181217,100,"45%",5,143.4,60.8136497835807
"463","nuc31","UDP-GNAc","ng_06","t2","TrueBlank",NA,1,20181218,245,"37.9%",5,143.4,60.8136497835807
"464","nuc31","UDP-GNAc","ng_06","t2","TrueBlank",NA,2,20181218,124,"60.3%",5,143.4,60.8136497835807
"465","nuc31","UDP-GNAc","ng_06","t2","TrueBlank",NA,3,20181218,151,"61.5%",5,143.4,60.8136497835807
"466","nuc32","NAD+","ng_07","t1","TrueBlank",NA,1,20181217,0,"Inf%",5,10.2,22.8078933704979
"467","nuc32","NAD+","ng_07","t1","TrueBlank",NA,3,20181217,0,"Inf%",5,10.2,22.8078933704979
"468","nuc32","NAD+","ng_07","t1","TrueBlank",NA,1,20181218,51,"81.7%",5,10.2,22.8078933704979
"469","nuc32","NAD+","ng_07","t1","TrueBlank",NA,2,20181218,0,"Inf%",5,10.2,22.8078933704979
"470","nuc32","NAD+","ng_07","t1","TrueBlank",NA,3,20181218,0,"Inf%",5,10.2,22.8078933704979
"471","nuc32","NAD+","ng_07","t12","TrueBlank",NA,1,20181217,0,"2370520.6%",5,135,301.869176962472
"472","nuc32","NAD+","ng_07","t12","TrueBlank",NA,3,20181217,0,"3485826%",5,135,301.869176962472
"473","nuc32","NAD+","ng_07","t12","TrueBlank",NA,1,20181218,675,"24.6%",5,135,301.869176962472
"474","nuc32","NAD+","ng_07","t12","TrueBlank",NA,2,20181218,0,"2619255.6%",5,135,301.869176962472
"475","nuc32","NAD+","ng_07","t12","TrueBlank",NA,3,20181218,0,"1714727.6%",5,135,301.869176962472
"476","nuc32","NAD+","ng_07","t2","TrueBlank",NA,1,20181217,0,"2504002.9%",5,125.6,280.850137973974
"477","nuc32","NAD+","ng_07","t2","TrueBlank",NA,3,20181217,0,"2781781.9%",5,125.6,280.850137973974
"478","nuc32","NAD+","ng_07","t2","TrueBlank",NA,1,20181218,628,"23.8%",5,125.6,280.850137973974
"479","nuc32","NAD+","ng_07","t2","TrueBlank",NA,2,20181218,0,"6710007.8%",5,125.6,280.850137973974
"480","nuc32","NAD+","ng_07","t2","TrueBlank",NA,3,20181218,0,"3240127.3%",5,125.6,280.850137973974
"481","nuc33","NADH","ng_07","t1","TrueBlank",NA,1,20181217,0,"Inf%",5,24.6,55.0072722464948
"482","nuc33","NADH","ng_07","t1","TrueBlank",NA,3,20181217,0,"Inf%",5,24.6,55.0072722464948
"483","nuc33","NADH","ng_07","t1","TrueBlank",NA,1,20181218,123,"59.6%",5,24.6,55.0072722464948
"484","nuc33","NADH","ng_07","t1","TrueBlank",NA,2,20181218,0,"NaN%",5,24.6,55.0072722464948
"485","nuc33","NADH","ng_07","t1","TrueBlank",NA,3,20181218,0,"Inf%",5,24.6,55.0072722464948
"486","nuc33","NADH","ng_07","t12","TrueBlank",NA,1,20181217,0,"Inf%",5,68.6,153.394263256486
"487","nuc33","NADH","ng_07","t12","TrueBlank",NA,3,20181217,0,"Inf%",5,68.6,153.394263256486
"488","nuc33","NADH","ng_07","t12","TrueBlank",NA,1,20181218,343,"31.1%",5,68.6,153.394263256486
"489","nuc33","NADH","ng_07","t12","TrueBlank",NA,2,20181218,0,"Inf%",5,68.6,153.394263256486
"490","nuc33","NADH","ng_07","t12","TrueBlank",NA,3,20181218,0,"Inf%",5,68.6,153.394263256486
"491","nuc33","NADH","ng_07","t2","TrueBlank",NA,1,20181217,0,"Inf%",5,35.2,78.7095928079926
"492","nuc33","NADH","ng_07","t2","TrueBlank",NA,3,20181217,0,"Inf%",5,35.2,78.7095928079926
"493","nuc33","NADH","ng_07","t2","TrueBlank",NA,1,20181218,176,"50.2%",5,35.2,78.7095928079926
"494","nuc33","NADH","ng_07","t2","TrueBlank",NA,2,20181218,0,"Inf%",5,35.2,78.7095928079926
"495","nuc33","NADH","ng_07","t2","TrueBlank",NA,3,20181218,0,"Inf%",5,35.2,78.7095928079926
"496","nuc34","NADP+","ng_07","t1","TrueBlank",NA,1,20181217,0,"Inf%",5,0,0
"497","nuc34","NADP+","ng_07","t1","TrueBlank",NA,3,20181217,0,"Inf%",5,0,0
"498","nuc34","NADP+","ng_07","t1","TrueBlank",NA,1,20181218,0,"Inf%",5,0,0
"499","nuc34","NADP+","ng_07","t1","TrueBlank",NA,2,20181218,0,"Inf%",5,0,0
"500","nuc34","NADP+","ng_07","t1","TrueBlank",NA,3,20181218,0,"Inf%",5,0,0
"501","nuc34","NADP+","ng_07","t12","TrueBlank",NA,1,20181217,0,"1295742.4%",5,15,33.5410196624968
"502","nuc34","NADP+","ng_07","t12","TrueBlank",NA,3,20181217,0,"789298.1%",5,15,33.5410196624968
"503","nuc34","NADP+","ng_07","t12","TrueBlank",NA,1,20181218,75,"68.6%",5,15,33.5410196624968
"504","nuc34","NADP+","ng_07","t12","TrueBlank",NA,2,20181218,0,"1611755.6%",5,15,33.5410196624968
"505","nuc34","NADP+","ng_07","t12","TrueBlank",NA,3,20181218,0,"1700999.6%",5,15,33.5410196624968
"506","nuc34","NADP+","ng_07","t2","TrueBlank",NA,1,20181217,0,"2303396.8%",5,13.2,29.5160973029972
"507","nuc34","NADP+","ng_07","t2","TrueBlank",NA,3,20181217,0,"709765.6%",5,13.2,29.5160973029972
"508","nuc34","NADP+","ng_07","t2","TrueBlank",NA,1,20181218,66,"70.6%",5,13.2,29.5160973029972
"509","nuc34","NADP+","ng_07","t2","TrueBlank",NA,2,20181218,0,"2139491.4%",5,13.2,29.5160973029972
"510","nuc34","NADP+","ng_07","t2","TrueBlank",NA,3,20181218,0,"1523783.4%",5,13.2,29.5160973029972
"511","nuc35","NADPH","ng_07","t1","TrueBlank",NA,1,20181217,0,"Inf%",5,0.2,0.447213595499958
"512","nuc35","NADPH","ng_07","t1","TrueBlank",NA,3,20181217,0,"Inf%",5,0.2,0.447213595499958
"513","nuc35","NADPH","ng_07","t1","TrueBlank",NA,1,20181218,1,"3502.8%",5,0.2,0.447213595499958
"514","nuc35","NADPH","ng_07","t1","TrueBlank",NA,2,20181218,0,"Inf%",5,0.2,0.447213595499958
"515","nuc35","NADPH","ng_07","t1","TrueBlank",NA,3,20181218,0,"Inf%",5,0.2,0.447213595499958
"516","nuc35","NADPH","ng_07","t12","TrueBlank",NA,1,20181217,0,"2488379.4%",5,0.2,0.447213595499958
"517","nuc35","NADPH","ng_07","t12","TrueBlank",NA,3,20181217,0,"2327949.3%",5,0.2,0.447213595499958
"518","nuc35","NADPH","ng_07","t12","TrueBlank",NA,1,20181218,1,"3214.4%",5,0.2,0.447213595499958
"519","nuc35","NADPH","ng_07","t12","TrueBlank",NA,2,20181218,0,"3520281.3%",5,0.2,0.447213595499958
"520","nuc35","NADPH","ng_07","t12","TrueBlank",NA,3,20181218,0,"4640862.7%",5,0.2,0.447213595499958
"521","nuc35","NADPH","ng_07","t2","TrueBlank",NA,1,20181217,0,"179.7%",5,0,0
"522","nuc35","NADPH","ng_07","t2","TrueBlank",NA,3,20181217,0,"530557.1%",5,0,0
"523","nuc35","NADPH","ng_07","t2","TrueBlank",NA,1,20181218,0,"3760903.4%",5,0,0
"524","nuc35","NADPH","ng_07","t2","TrueBlank",NA,2,20181218,0,"500583.1%",5,0,0
"525","nuc35","NADPH","ng_07","t2","TrueBlank",NA,3,20181218,0,"156.6%",5,0,0
"526","nuc36","AcCoA","ng_06","t1","TrueBlank",NA,1,20181217,0,"Inf%",5,0,0
"527","nuc36","AcCoA","ng_06","t1","TrueBlank",NA,3,20181217,0,"Inf%",5,0,0
"528","nuc36","AcCoA","ng_06","t1","TrueBlank",NA,1,20181218,0,"Inf%",5,0,0
"529","nuc36","AcCoA","ng_06","t1","TrueBlank",NA,2,20181218,0,"Inf%",5,0,0
"530","nuc36","AcCoA","ng_06","t1","TrueBlank",NA,3,20181218,0,"Inf%",5,0,0
"531","nuc36","AcCoA","ng_06","t12","TrueBlank",NA,1,20181217,0,"Inf%",5,0,0
"532","nuc36","AcCoA","ng_06","t12","TrueBlank",NA,3,20181217,0,"Inf%",5,0,0
"533","nuc36","AcCoA","ng_06","t12","TrueBlank",NA,1,20181218,0,"Inf%",5,0,0
"534","nuc36","AcCoA","ng_06","t12","TrueBlank",NA,2,20181218,0,"Inf%",5,0,0
"535","nuc36","AcCoA","ng_06","t12","TrueBlank",NA,3,20181218,0,"Inf%",5,0,0
"536","nuc36","AcCoA","ng_06","t2","TrueBlank",NA,1,20181217,0,"Inf%",5,0,0
"537","nuc36","AcCoA","ng_06","t2","TrueBlank",NA,3,20181217,0,"Inf%",5,0,0
"538","nuc36","AcCoA","ng_06","t2","TrueBlank",NA,1,20181218,0,"Inf%",5,0,0
"539","nuc36","AcCoA","ng_06","t2","TrueBlank",NA,2,20181218,0,"Inf%",5,0,0
"540","nuc36","AcCoA","ng_06","t2","TrueBlank",NA,3,20181218,0,"Inf%",5,0,0
